{"framework": null, "version": 2, "builds": [{"src": "index.html", "use": "@vercel/static"}], "routes": [{"src": "/(.*)", "dest": "/index.html"}], "headers": [{"source": "/(.*)", "headers": [{"key": "X-Frame-Options", "value": "DENY"}, {"key": "X-Content-Type-Options", "value": "nosniff"}, {"key": "X-XSS-Protection", "value": "1; mode=block"}, {"key": "Referrer-Policy", "value": "strict-origin-when-cross-origin"}, {"key": "Content-Security-Policy", "value": "default-src 'self'; script-src 'self' 'unsafe-inline' 'unsafe-eval'; style-src 'self' 'unsafe-inline'; img-src 'self' data: https:; connect-src 'self' https: wss: ws:;"}]}, {"source": "/api/(.*)", "headers": [{"key": "Access-Control-Allow-Origin", "value": "*"}, {"key": "Access-Control-Allow-Methods", "value": "GET, POST, PUT, DELETE, OPTIONS"}, {"key": "Access-Control-Allow-Headers", "value": "Content-Type, Authorization"}]}]}